code,lat,lon
006,18.30122,-66.83461
007,18.16754,-66.12668
009,18.38245,-66.09182
010,42.21253,-72.57312
011,42.10636,-72.55044
012,42.45620,-73.22849
013,42.58896,-72.48823
014,42.58005,-71.78240
015,42.21579,-71.79733
016,42.26792,-71.81000
017,42.32805,-71.45389
018,42.63585,-71.20403
019,42.57254,-70.90791
020,42.14762,-71.15058
021,42.34018,-71.06825
022,42.34771,-71.09175
023,42.02952,-70.90889
024,42.36056,-71.20323
025,41.60304,-70.53991
026,41.70439,-70.22822
027,41.77467,-71.09997
028,41.71671,-71.46187
029,41.81629,-71.43761
030,42.84036,-71.43744
031,42.98945,-71.46417
032,43.43823,-71.59579
033,43.25232,-71.57246
034,42.89921,-72.20881
035,44.47052,-71.46655
036,43.18139,-72.35753
037,43.60413,-72.17683
038,43.19686,-70.98713
039,43.20083,-70.73700
040,43.68032,-70.46244
041,43.66599,-70.27689
042,44.19792,-70.28326
043,44.29353,-69.77093
044,44.96955,-68.81127
045,43.96383,-69.62120
046,44.62048,-68.01329
047,46.70320,-68.12887
048,44.16440,-69.13516
049,44.68730,-69.60314
050,43.80228,-72.41858
051,43.27732,-72.57370
052,42.96855,-73.13040
053,42.90563,-72.70370
054,44.54127,-73.12205
056,44.31532,-72.59815
057,43.69299,-73.05285
058,44.66909,-72.12466
059,44.68909,-71.67109
060,41.80475,-72.70533
061,41.74930,-72.69119
062,41.79652,-72.12811
063,41.45472,-72.05836
064,41.42437,-72.84423
065,41.32228,-72.92719
066,41.20620,-73.18848
067,41.61181,-73.11520
068,41.21862,-73.43947
069,41.07551,-73.54329
070,40.75533,-74.19699
071,40.74665,-74.18665
072,40.66455,-74.21686
073,40.72145,-74.06143
074,41.01472,-74.25713
075,40.92313,-74.16856
076,40.91971,-74.02074
077,40.30104,-74.14822
078,40.91427,-74.70792
079,40.74823,-74.47967
080,39.83592,-74.94455
081,39.93529,-75.08265
082,39.30095,-74.64418
083,39.46566,-75.03950
084,39.36525,-74.46332
085,40.25567,-74.59591
086,40.22003,-74.71799
087,40.01412,-74.18536
088,40.51277,-74.52254
089,40.46999,-74.45896
100,40.77625,-73.96796
101,40.78099,-73.95040
102,40.71234,-74.01584
103,40.58727,-74.14331
104,40.84998,-73.88207
105,41.14140,-73.77763
106,41.03565,-73.76745
107,40.94383,-73.86536
108,40.91317,-73.78286
109,41.23042,-74.14215
110,40.74921,-73.70258
111,40.76080,-73.92508
112,40.65064,-73.95426
113,40.74434,-73.84822
114,40.69331,-73.79351
115,40.69563,-73.62857
116,40.59371,-73.79185
117,40.78735,-73.26613
118,40.76965,-73.50000
119,40.89565,-72.63468
120,42.80996,-73.93875
121,42.72110,-73.77804
122,42.67848,-73.79983
123,42.80370,-73.94082
124,42.02880,-74.11489
125,41.66674,-73.92560
126,41.69226,-73.88844
127,41.64536,-74.68229
128,43.29259,-73.66719
129,44.61735,-73.81837
130,43.03149,-76.21704
131,43.13963,-76.36241
132,43.05095,-76.15176
133,43.13815,-75.20288
134,43.09992,-75.34385
135,43.10851,-75.19355
136,44.31670,-75.52407
137,42.18161,-75.82849
138,42.30463,-75.63177
139,42.13426,-75.90332
140,42.87028,-78.71503
141,42.95440,-78.77499
142,42.92118,-78.81299
143,43.10602,-78.99335
144,43.01089,-77.58610
145,43.04118,-77.45042
146,43.17299,-77.62939
147,42.15986,-78.92887
148,42.30609,-76.96765
149,42.08197,-76.80368
150,40.51234,-80.06744
151,40.43540,-79.97182
152,40.44175,-79.97229
153,40.13888,-80.17606
154,39.94684,-79.73028
155,39.97772,-78.84610
156,40.34220,-79.55691
157,40.68099,-79.06397
158,41.26148,-78.74180
159,40.34137,-78.85319
160,40.83552,-79.96438
161,41.13555,-80.32936
162,40.97600,-79.42421
163,41.59177,-79.70803
164,41.92723,-80.05655
165,42.10255,-80.06530
166,40.50390,-78.33817
167,41.83028,-78.56569
168,40.87876,-77.93623
169,41.81702,-77.26317
170,40.31272,-76.90495
171,40.29805,-76.82570
172,39.93869,-77.66720
173,39.88735,-76.87799
174,39.96178,-76.71847
175,40.08682,-76.26241
176,40.03985,-76.29986
177,41.27843,-77.02179
178,40.91404,-76.74371
179,40.68782,-76.25951
180,40.64744,-75.41305
181,40.59967,-75.49824
182,40.91694,-75.89061
183,41.07676,-75.19411
184,41.47838,-75.46704
185,41.41358,-75.66310
186,41.28159,-75.97642
187,41.23665,-75.85636
188,41.85007,-76.19187
189,40.30902,-75.14293
190,40.03294,-75.18752
191,40.00300,-75.13987
193,39.95020,-75.69920
194,40.18106,-75.41690
195,40.38243,-75.85450
196,40.34094,-75.93721
197,39.62718,-75.67677
198,39.75855,-75.57523
199,38.86807,-75.43374
200,38.90992,-77.01558
201,38.91596,-77.51023
203,38.86887,-77.00712
204,38.91970,-77.01307
205,38.90426,-77.02714
206,38.48181,-76.76391
207,38.92355,-76.86121
208,39.10534,-77.17704
209,39.04694,-77.01867
210,39.32130,-76.59688
211,39.31531,-76.70753
212,39.32088,-76.60012
214,38.97933,-76.50622
215,39.59319,-78.96580
216,38.87406,-76.04316
217,39.48838,-77.43582
218,38.30082,-75.52045
219,39.61130,-75.94294
220,38.81348,-77.25994
221,38.75458,-77.27505
222,38.87534,-77.09945
223,38.78882,-77.10243
224,38.25161,-77.36453
225,38.25096,-77.40198
226,39.08030,-78.22615
227,38.47167,-77.98512
228,38.51178,-78.80377
229,38.05177,-78.55149
230,37.63900,-77.38672
231,37.49497,-77.29863
232,37.54050,-77.48853
233,36.81041,-76.25687
234,36.85140,-76.18023
235,36.89591,-76.26373
236,37.08266,-76.44148
237,36.84021,-76.34888
238,37.16507,-77.41281
239,37.05000,-78.36017
240,37.19463,-80.10260
241,37.08236,-80.06301
242,36.81120,-82.41545
243,36.83165,-81.13166
244,38.01155,-79.30240
245,37.15142,-79.21360
246,37.17704,-81.74280
247,37.36896,-81.13032
248,37.51258,-81.64099
249,37.82265,-80.44795
250,38.32458,-81.56683
251,38.34249,-81.71589
252,38.70598,-81.62816
253,38.36121,-81.64619
254,39.41953,-77.97265
255,38.35098,-82.15291
256,37.76331,-82.06854
257,38.37736,-82.40241
258,37.82936,-81.21321
259,37.82960,-81.01175
260,40.17188,-80.62482
261,39.26984,-81.40432
262,38.83652,-80.06191
263,39.24736,-80.36973
264,39.22890,-80.37144
265,39.57938,-79.99801
266,38.41324,-80.83030
267,39.38662,-78.90965
268,38.96079,-79.03176
270,36.21161,-80.43610
271,36.08411,-80.26637
272,35.97339,-79.79347
273,35.85568,-79.58712
274,36.07567,-79.82056
275,35.79409,-78.64178
276,35.82133,-78.63680
277,35.98012,-78.90084
278,35.83000,-77.56084
279,36.17180,-76.29153
280,35.36230,-80.92301
281,35.28484,-80.78569
282,35.20726,-80.81721
283,35.00455,-78.99366
284,34.25427,-78.04167
285,34.98653,-77.28828
286,35.92591,-81.32711
287,35.48234,-82.65896
288,35.58218,-82.55778
289,35.09964,-83.97363
290,34.02164,-81.00003
291,33.87283,-80.81572
292,34.05379,-80.99817
293,34.90570,-81.93697
294,32.94262,-80.04663
295,33.96482,-79.29653
296,34.72175,-82.46664
297,34.93144,-80.98843
298,33.52315,-81.77290
299,32.36447,-80.82306
300,33.91325,-84.17998
301,33.98990,-84.76909
302,33.41051,-84.42711
303,33.79529,-84.39486
304,32.39855,-82.05305
305,34.38671,-83.82308
306,33.92778,-83.38344
307,34.75826,-85.07994
308,33.42574,-82.22740
309,33.44450,-82.03571
310,32.63752,-83.48171
312,32.84652,-83.67250
313,32.00164,-81.41131
314,32.03412,-81.13267
315,31.29151,-82.03622
316,30.94227,-83.27163
317,31.45116,-83.91697
318,32.59582,-84.78379
319,32.49234,-84.93465
320,30.13663,-81.90138
321,29.22666,-81.34272
322,30.28475,-81.61982
323,30.41806,-84.25599
324,30.41769,-85.65759
325,30.53169,-86.99896
326,29.63565,-82.43475
327,28.75697,-81.32328
328,28.50533,-81.34574
329,28.05538,-80.64288
330,25.92981,-80.32314
331,25.76773,-80.29461
333,26.13827,-80.23594
334,26.61251,-80.16172
335,28.01236,-82.29591
336,28.01722,-82.46837
337,27.85536,-82.72526
338,27.95499,-81.74904
339,26.66633,-81.88523
341,26.21145,-81.68376
342,27.32174,-82.42705
344,29.03891,-82.25169
346,28.28388,-82.63049
347,28.42247,-81.55590
349,27.27926,-80.39292
350,33.52336,-86.73615
351,33.53094,-86.60704
352,33.48978,-86.77705
354,33.18570,-87.60778
355,33.96672,-87.60098
356,34.68559,-87.29869
357,34.74666,-86.53850
358,34.71903,-86.58883
359,34.21760,-85.99262
360,32.27389,-86.15692
361,32.34645,-86.23743
362,33.62360,-85.73584
363,31.27477,-85.56527
364,31.31944,-86.87319
365,30.67377,-87.91500
366,30.67057,-88.17964
367,32.38793,-87.32971
368,32.58510,-85.32800
369,32.14347,-88.24633
370,36.19559,-86.83743
371,35.99513,-86.55159
372,36.13096,-86.79402
373,35.27358,-85.27327
374,35.05175,-85.24497
376,36.40022,-82.37343
377,36.05109,-83.84704
378,36.00172,-83.77185
379,35.96067,-83.99584
380,35.38755,-89.59814
381,35.11798,-89.92919
382,36.30925,-88.69570
383,35.62950,-88.61258
384,35.41923,-87.21889
385,36.13685,-85.33740
386,34.68962,-89.78649
387,33.53645,-90.82288
388,34.38056,-88.65032
389,33.74586,-89.89375
390,32.41955,-90.03251
391,32.26105,-90.35835
392,32.31359,-90.19111
393,32.43891,-88.82657
394,31.24687,-89.31099
395,30.45656,-88.97422
396,31.31742,-90.49786
397,33.51788,-88.69286
398,31.14738,-84.59777
400,38.13002,-85.37893
401,37.89949,-85.97321
402,38.19430,-85.68364
403,38.03687,-84.33248
404,37.60948,-84.43127
405,38.01973,-84.47650
406,38.23492,-84.86879
407,36.96510,-84.13481
408,36.87277,-83.24515
409,36.90304,-83.74613
410,38.90393,-84.51294
411,38.41908,-82.88833
412,37.88916,-82.70864
413,37.56982,-83.46872
414,37.83748,-83.18007
415,37.46083,-82.43675
416,37.54915,-82.74081
417,37.25798,-83.20716
418,37.21307,-82.86074
420,36.88729,-88.52923
421,36.92900,-86.25663
422,36.87273,-87.23134
423,37.60541,-87.08222
424,37.51012,-87.61424
425,37.13907,-84.62269
426,36.82937,-84.84503
427,37.44829,-85.76059
430,40.13283,-82.90988
431,39.77034,-82.93113
432,39.99735,-82.98760
433,40.54671,-83.33199
434,41.43474,-83.30970
435,41.51809,-83.99124
436,41.66538,-83.57895
437,39.89149,-81.78230
438,40.25230,-81.87445
439,40.30825,-80.77624
440,41.51700,-81.58566
441,41.44865,-81.67232
442,41.14232,-81.56523
443,41.07046,-81.53192
444,41.11210,-80.75616
445,41.06860,-80.67235
446,40.73593,-81.51806
447,40.83571,-81.39413
448,41.06564,-82.73099
449,40.74851,-82.53629
450,39.41364,-84.44393
451,39.16226,-84.02240
452,39.17473,-84.48995
453,39.90992,-84.22436
454,39.73935,-84.16781
455,39.94790,-83.81385
456,38.93968,-82.82557
457,39.33892,-81.83565
458,40.80061,-84.14654
460,40.05353,-86.03237
461,39.64407,-86.20537
462,39.79249,-86.13752
463,41.50710,-87.22869
464,41.54940,-87.33425
465,41.54883,-86.01486
466,41.67490,-86.27757
467,41.19254,-85.19605
468,41.09634,-85.13632
469,40.65809,-86.04732
470,39.16601,-85.03278
471,38.38526,-85.87725
472,39.06420,-85.76597
473,40.06106,-85.21923
474,39.05701,-86.58490
475,38.46782,-87.06371
476,38.07544,-87.45935
477,37.99665,-87.55423
478,39.45209,-87.32752
479,40.42573,-86.96320
480,42.61332,-82.95517
481,42.25805,-83.46887
482,42.39339,-83.11064
483,42.61956,-83.29188
484,43.05155,-83.51812
485,43.01990,-83.69696
486,43.70281,-84.23691
487,43.72675,-83.66173
488,42.92255,-84.57609
489,42.71847,-84.57359
490,42.22802,-85.60210
491,41.87452,-86.33861
492,42.10899,-84.33410
493,43.11389,-85.56181
494,43.08334,-86.09459
495,42.93792,-85.65186
496,44.55576,-85.58222
497,45.41885,-84.46990
498,46.08359,-87.34160
499,46.81192,-88.85884
500,41.77205,-93.70536
501,41.69556,-93.40774
502,41.60283,-93.63445
503,41.59987,-93.64941
504,43.15821,-93.30721
505,42.66974,-94.39526
506,42.62775,-92.43205
507,42.46735,-92.31577
508,41.00456,-94.50789
510,42.65764,-95.98816
511,42.50982,-96.37740
512,43.23280,-96.08051
513,43.29043,-95.10236
514,42.09768,-95.08029
515,41.30321,-95.69405
516,40.74673,-95.30296
520,42.47534,-90.84182
521,43.21669,-91.72860
522,41.77736,-91.60622
523,41.89535,-91.68438
524,41.97785,-91.67296
525,41.00891,-92.44716
526,40.81116,-91.34739
527,41.62750,-90.68301
528,41.55734,-90.60784
530,43.36748,-88.16535
531,42.78994,-88.14867
532,43.05222,-87.96401
534,42.74198,-87.82912
535,42.93446,-89.36228
537,43.06895,-89.39430
538,42.84023,-90.67649
539,43.59064,-89.45394
540,45.03097,-92.55897
541,44.66163,-88.19141
542,44.40235,-87.62007
543,44.51775,-88.01790
544,44.79959,-89.78430
545,45.84026,-89.66546
546,43.90365,-91.00258
547,44.84727,-91.53035
548,46.02787,-91.76215
549,44.13857,-88.60091
550,44.91747,-93.05111
551,44.94943,-93.09162
553,45.02247,-93.61171
554,44.99833,-93.30630
556,47.50565,-91.22610
557,47.17742,-92.79309
558,46.84452,-92.12711
559,43.96029,-92.35643
560,44.10805,-93.95294
561,43.85540,-95.63608
562,44.98970,-95.49609
563,45.69867,-94.47026
564,46.53840,-94.44393
565,46.75169,-96.18382
566,47.69755,-94.54554
567,48.23448,-96.32212
570,43.47807,-96.94164
571,43.53304,-96.73671
572,45.00924,-97.08702
573,43.84360,-98.31880
574,45.41363,-98.65235
575,43.91745,-100.45482
576,45.39906,-101.11522
577,44.10008,-103.29283
580,46.73109,-97.12894
581,46.85041,-96.83106
582,48.01323,-97.31586
583,48.36772,-99.44667
584,46.82553,-98.85199
585,46.83933,-100.84509
586,46.83505,-102.84836
587,48.25316,-101.50603
588,48.16233,-103.58493
590,45.70346,-108.94061
591,45.75931,-108.51115
592,48.07764,-105.15552
593,46.49940,-105.47364
594,47.64183,-111.38457
595,48.47898,-109.46219
596,46.59317,-111.98874
597,45.76806,-111.65120
598,46.89571,-114.12961
599,48.28711,-114.47610
600,42.20628,-87.98956
601,41.97097,-88.17586
602,42.04421,-87.69092
603,41.88851,-87.79516
604,41.58514,-87.86746
605,41.74155,-88.17698
606,41.86719,-87.68190
607,41.97046,-87.80159
608,41.76947,-87.72834
609,40.98771,-87.88811
610,42.18248,-89.38266
611,42.28851,-89.04943
612,41.49868,-90.41122
613,41.34095,-89.06950
614,40.86824,-90.40027
615,40.67384,-89.61902
616,40.71403,-89.61696
617,40.51743,-88.94863
618,40.12304,-88.13049
619,39.60064,-88.23743
620,38.93050,-90.02044
622,38.51990,-89.89572
623,39.98354,-91.18915
624,39.02558,-88.24301
625,39.74038,-89.09825
626,39.82794,-89.92067
627,39.78545,-89.65966
628,38.31530,-88.75276
629,37.64157,-88.97714
630,38.53045,-90.55101
631,38.62297,-90.31412
633,38.83846,-90.77187
634,39.83205,-91.62448
635,40.15096,-92.57999
636,37.77610,-90.50061
637,37.37045,-89.67793
638,36.59109,-89.76841
639,36.80707,-90.51542
640,39.02543,-94.30872
641,39.10731,-94.55574
644,40.00681,-94.63846
645,39.76905,-94.81986
646,39.83389,-93.55980
647,38.14905,-94.15729
648,37.01478,-94.42766
650,38.39846,-92.38757
651,38.54079,-92.21508
652,39.03205,-92.30540
653,38.70330,-93.26967
654,37.82364,-91.84642
655,37.69849,-92.07040
656,37.04967,-93.24154
657,37.06284,-93.09199
658,37.19165,-93.30161
660,38.93059,-95.01444
661,39.11450,-94.71591
662,38.95293,-94.70289
664,39.17076,-96.32601
665,39.22557,-96.31298
666,39.03604,-95.72573
667,37.53036,-95.01995
668,38.39222,-96.27960
669,39.72430,-97.72407
670,37.60678,-97.28128
671,37.66422,-97.42653
672,37.69096,-97.33116
673,37.19448,-95.57733
674,38.83997,-97.64561
675,38.16205,-98.35173
676,39.12660,-99.39632
677,39.38876,-101.13788
678,37.87453,-100.62341
679,37.11142,-101.05436
680,41.30080,-96.24183
681,41.24123,-96.05081
683,40.44706,-96.75129
684,40.69323,-96.69956
685,40.80275,-96.67392
686,41.47271,-97.42612
687,42.26014,-97.39091
688,40.95515,-98.78112
689,40.46102,-98.69831
690,40.33536,-100.85424
691,41.15219,-101.33222
692,42.61466,-100.42008
693,42.14648,-103.29685
700,29.93965,-90.18448
701,29.97309,-90.05989
703,29.67673,-90.76976
704,30.48420,-90.13672
705,30.20995,-92.08421
706,30.30405,-93.24305
707,30.45724,-91.03049
708,30.43191,-91.09922
710,32.50628,-93.50967
711,32.46536,-93.75191
712,32.53389,-92.11297
713,31.30710,-92.16882
714,31.48277,-92.90888
716,33.81852,-91.88064
717,33.38366,-92.80739
718,33.63456,-93.87628
719,34.44442,-93.26719
720,34.91607,-92.24607
721,34.88335,-92.20419
722,34.72927,-92.37529
723,35.21428,-90.40168
724,35.95695,-90.65837
725,35.91737,-91.77664
726,36.26393,-92.90681
727,36.21302,-94.16715
728,35.32395,-93.25473
729,35.35515,-94.26376
730,35.40447,-97.60054
731,35.45976,-97.53299
734,34.16400,-97.05786
735,34.58694,-98.51919
736,35.41871,-99.25922
737,36.36701,-98.04675
738,36.45822,-99.45640
739,36.75929,-101.42959
740,36.18520,-96.05711
741,36.11325,-95.92430
743,36.53574,-94.99493
744,35.71212,-95.42128
745,34.74290,-95.72769
746,36.71748,-97.11458
747,34.00108,-95.71278
748,35.22670,-96.79855
749,35.35848,-94.65795
750,33.02737,-96.79048
751,32.60645,-96.56498
752,32.81405,-96.78776
754,33.28644,-95.90644
755,33.36850,-94.26652
756,32.50550,-94.68278
757,32.28716,-95.36115
758,31.54811,-95.68820
759,31.35206,-94.48284
760,32.68848,-97.29049
761,32.76762,-97.34018
762,33.19927,-97.20085
763,33.88749,-98.63172
764,32.54460,-98.39795
765,31.07381,-97.61877
766,31.67352,-97.08450
767,31.54962,-97.15703
768,31.47753,-99.23449
769,31.37731,-100.53669
770,29.78134,-95.44156
772,29.72088,-95.34354
773,30.20347,-95.39927
774,29.68625,-95.75417
775,29.55884,-95.13855
776,30.09602,-94.01202
777,30.04273,-94.16538
778,30.59814,-96.32177
779,28.90026,-96.96113
780,28.59566,-99.10837
781,29.46763,-98.12830
782,29.47987,-98.54207
783,27.79100,-97.69785
784,27.68871,-97.41820
785,26.21169,-98.01235
786,30.35243,-97.79570
787,30.30571,-97.76572
788,29.26386,-100.22363
789,29.93710,-96.89667
790,35.24783,-101.69807
791,35.18329,-101.85411
792,34.30840,-100.62472
793,33.35052,-102.22847
794,33.54108,-101.90894
795,32.58577,-100.24785
796,32.41068,-99.76724
797,31.89003,-102.29703
798,31.27684,-105.71033
799,31.79636,-106.33400
800,39.77680,-104.92188
801,39.50893,-104.90301
802,39.75621,-104.97399
803,40.01562,-105.26152
804,39.75679,-105.69069
805,40.39655,-105.09182
806,40.22719,-104.75152
807,40.36745,-103.21779
808,38.90150,-104.50770
809,38.86909,-104.76795
810,38.11113,-104.38365
811,37.41689,-106.50610
812,38.53303,-105.85172
813,37.41673,-108.14314
814,38.49727,-107.93506
815,39.09921,-108.56912
816,39.65275,-107.26876
820,41.23312,-105.06007
821,44.51997,-110.64909
822,42.19192,-104.52635
823,41.78789,-107.25070
824,44.43164,-108.84524
825,42.94207,-108.51494
826,42.94307,-106.31172
827,44.15420,-105.36545
828,44.71307,-106.89152
829,41.48988,-109.63485
830,43.42460,-110.68484
831,42.65629,-110.75905
832,42.91747,-112.36036
833,42.67670,-114.32919
834,43.67700,-111.93222
835,46.22818,-116.55553
836,43.68841,-116.47507
837,43.63186,-116.17048
838,47.72190,-116.73550
840,40.63325,-111.82651
841,40.70647,-111.90153
843,41.67997,-111.90415
844,41.23917,-112.01125
845,38.79564,-110.23586
846,40.00988,-111.64058
847,37.39638,-113.26204
850,33.53087,-112.09243
851,33.08564,-111.62310
852,33.40697,-111.80988
853,33.44241,-112.63513
855,33.40078,-110.39713
856,31.82977,-110.62198
857,32.23794,-110.94783
859,34.25704,-109.93450
860,35.62054,-111.33528
863,34.65612,-112.26378
864,35.00094,-114.22118
865,36.02535,-109.52369
870,35.02533,-106.73910
871,35.12782,-106.65834
873,35.51469,-108.66274
874,36.72232,-108.21494
875,35.85648,-105.96897
877,35.95860,-104.86563
878,33.96120,-107.40643
879,32.98371,-107.15674
880,32.29791,-107.01669
881,34.39551,-103.31129
882,32.87223,-103.96953
883,33.00801,-105.86958
884,35.40148,-103.88227
890,36.16530,-115.11492
891,36.14277,-115.19711
893,39.48546,-115.04303
894,39.51166,-119.34584
895,39.52897,-119.81254
897,39.16438,-119.75207
898,40.91578,-115.67816
900,34.03608,-118.29845
902,33.92923,-118.29506
903,33.95332,-118.35003
904,34.02331,-118.48364
905,33.83595,-118.33205
906,33.92449,-118.03682
907,33.82245,-118.18481
908,33.80690,-118.16908
910,34.17897,-118.11083
911,34.15287,-118.12832
912,34.17078,-118.24971
913,34.26968,-118.55813
914,34.18880,-118.45474
915,34.18716,-118.32208
916,34.17559,-118.38925
917,34.06918,-117.81839
918,34.08520,-118.13420
919,32.67241,-117.00335
920,33.07890,-117.12637
921,32.79027,-117.12189
922,33.60862,-116.16332
923,34.27033,-117.28299
924,34.16199,-117.30204
925,33.77803,-117.22849
926,33.63160,-117.79023
927,33.73506,-117.87219
928,33.84447,-117.81951
930,34.26930,-119.06975
931,34.45826,-119.83098
932,36.02661,-119.32639
933,35.34073,-119.01177
934,35.10715,-120.53594
935,34.88662,-118.13381
936,36.82684,-119.84884
937,36.77588,-119.79266
939,36.59316,-121.62688
940,37.50506,-122.26023
941,37.76064,-122.43681
943,37.43669,-122.13563
944,37.55233,-122.30362
945,37.86212,-122.01955
946,37.79474,-122.22326
947,37.87571,-122.27319
948,37.95176,-122.33905
949,38.09095,-122.59705
950,37.14695,-121.85737
951,37.31082,-121.85752
952,38.02797,-121.24567
953,37.61098,-120.93403
954,38.67964,-122.85740
955,40.93083,-124.05933
956,38.62795,-121.35613
957,38.64468,-121.29564
958,38.57163,-121.43466
959,39.39991,-121.60799
960,40.63156,-122.35792
961,39.71910,-120.32876
967,21.03897,-157.34264
968,21.32061,-157.83190
970,45.43630,-122.57696
971,45.50027,-123.18722
972,45.50948,-122.65467
973,44.80404,-123.11609
974,43.74050,-123.32953
975,42.36509,-122.99223
976,42.29925,-121.65015
977,44.11734,-121.11234
978,45.51477,-118.67511
979,43.97433,-117.19325
980,47.56664,-122.16416
981,47.60852,-122.33010
982,48.27611,-122.27550
983,47.40389,-122.55782
984,47.20112,-122.47503
985,46.97641,-123.02298
986,45.79304,-122.58293
988,47.58453,-119.88889
989,46.62158,-120.44927
990,47.67993,-117.37242
991,47.67731,-117.71347
992,47.68467,-117.37400
993,46.29291,-119.04414
994,46.35930,-117.29474
995,61.16260,-150.79277
996,60.72719,-151.57878
997,65.65591,-150.21662
998,58.04040,-134.43284
999,55.65618,-131.63538
