type,volume,lat,lon,postal_code,postal_code_type
demand,423,,,10,zip3
demand,136,,,11,zip3
demand,140,,,12,zip3
demand,62,,,13,zip3
demand,229,,,14,zip3
demand,366,,,15,zip3
demand,157,,,16,zip3
demand,415,,,17,zip3
demand,563,,,18,zip3
demand,490,,,19,zip3
demand,317,,,20,zip3
demand,1067,,,21,zip3
demand,31,,,22,zip3
demand,569,,,23,zip3
demand,340,,,24,zip3
demand,106,,,25,zip3
demand,172,,,26,zip3
demand,707,,,27,zip3
demand,731,,,28,zip3
demand,374,,,29,zip3
demand,516,,,30,zip3
demand,115,,,31,zip3
demand,239,,,32,zip3
demand,56,,,33,zip3
demand,66,,,34,zip3
demand,34,,,35,zip3
demand,12,,,36,zip3
demand,94,,,37,zip3
demand,273,,,38,zip3
demand,55,,,39,zip3
demand,394,,,40,zip3
demand,110,,,41,zip3
demand,185,,,42,zip3
demand,62,,,43,zip3
demand,128,,,44,zip3
demand,41,,,45,zip3
demand,81,,,46,zip3
demand,64,,,47,zip3
demand,36,,,48,zip3
demand,167,,,49,zip3
demand,61,,,50,zip3
demand,26,,,51,zip3
demand,39,,,52,zip3
demand,44,,,53,zip3
demand,210,,,54,zip3
demand,91,,,56,zip3
demand,83,,,57,zip3
demand,71,,,58,zip3
demand,4,,,59,zip3
demand,592,,,60,zip3
demand,379,,,61,zip3
demand,126,,,62,zip3
demand,250,,,63,zip3
demand,824,,,64,zip3
demand,232,,,65,zip3
demand,244,,,66,zip3
demand,241,,,67,zip3
demand,535,,,68,zip3
demand,157,,,69,zip3
demand,1903,,,70,zip3
demand,541,,,71,zip3
demand,174,,,72,zip3
demand,327,,,73,zip3
demand,493,,,74,zip3
demand,225,,,75,zip3
demand,500,,,76,zip3
demand,739,,,77,zip3
demand,460,,,78,zip3
demand,264,,,79,zip3
demand,1325,,,80,zip3
demand,114,,,81,zip3
demand,284,,,82,zip3
demand,260,,,83,zip3
demand,70,,,84,zip3
demand,391,,,85,zip3
demand,246,,,86,zip3
demand,471,,,87,zip3
demand,1055,,,88,zip3
demand,82,,,89,zip3
demand,1567,,,100,zip3
demand,53,,,101,zip3
demand,12,,,102,zip3
demand,365,,,103,zip3
demand,1715,,,104,zip3
demand,525,,,105,zip3
demand,72,,,106,zip3
demand,229,,,107,zip3
demand,109,,,108,zip3
demand,440,,,109,zip3
demand,251,,,110,zip3
demand,246,,,111,zip3
demand,3365,,,112,zip3
demand,1469,,,113,zip3
demand,964,,,114,zip3
demand,655,,,115,zip3
demand,118,,,116,zip3
demand,1444,,,117,zip3
demand,95,,,118,zip3
demand,351,,,119,zip3
demand,267,,,120,zip3
demand,228,,,121,zip3
demand,131,,,122,zip3
demand,140,,,123,zip3
demand,151,,,124,zip3
demand,474,,,125,zip3
demand,75,,,126,zip3
demand,70,,,127,zip3
demand,218,,,128,zip3
demand,143,,,129,zip3
demand,401,,,130,zip3
demand,222,,,131,zip3
demand,260,,,132,zip3
demand,139,,,133,zip3
demand,190,,,134,zip3
demand,83,,,135,zip3
demand,171,,,136,zip3
demand,164,,,137,zip3
demand,155,,,138,zip3
demand,101,,,139,zip3
demand,526,,,140,zip3
demand,184,,,141,zip3
demand,556,,,142,zip3
demand,49,,,143,zip3
demand,330,,,144,zip3
demand,242,,,145,zip3
demand,356,,,146,zip3
demand,141,,,147,zip3
demand,223,,,148,zip3
demand,42,,,149,zip3
demand,333,,,150,zip3
demand,258,,,151,zip3
demand,551,,,152,zip3
demand,142,,,153,zip3
demand,124,,,154,zip3
demand,61,,,155,zip3
demand,371,,,156,zip3
demand,113,,,157,zip3
demand,69,,,158,zip3
demand,115,,,159,zip3
demand,186,,,160,zip3
demand,194,,,161,zip3
demand,65,,,162,zip3
demand,169,,,163,zip3
demand,162,,,164,zip3
demand,177,,,165,zip3
demand,197,,,166,zip3
demand,34,,,167,zip3
demand,152,,,168,zip3
demand,57,,,169,zip3
demand,560,,,170,zip3
demand,217,,,171,zip3
demand,168,,,172,zip3
demand,249,,,173,zip3
demand,234,,,174,zip3
demand,351,,,175,zip3
demand,139,,,176,zip3
demand,170,,,177,zip3
demand,166,,,178,zip3
demand,123,,,179,zip3
demand,724,,,180,zip3
demand,218,,,181,zip3
demand,162,,,182,zip3
demand,153,,,183,zip3
demand,182,,,184,zip3
demand,95,,,185,zip3
demand,198,,,186,zip3
demand,140,,,187,zip3
demand,85,,,188,zip3
demand,342,,,189,zip3
demand,970,,,190,zip3
demand,1904,,,191,zip3
demand,593,,,193,zip3
demand,669,,,194,zip3
demand,265,,,195,zip3
demand,270,,,196,zip3
demand,396,,,197,zip3
demand,184,,,198,zip3
demand,428,,,199,zip3
demand,629,,,200,zip3
demand,728,,,201,zip3
demand,1,,,203,zip3
demand,418,,,206,zip3
demand,1371,,,207,zip3
demand,717,,,208,zip3
demand,420,,,209,zip3
demand,1036,,,210,zip3
demand,621,,,211,zip3
demand,1101,,,212,zip3
demand,77,,,214,zip3
demand,80,,,215,zip3
demand,140,,,216,zip3
demand,429,,,217,zip3
demand,196,,,218,zip3
demand,129,,,219,zip3
demand,618,,,220,zip3
demand,487,,,221,zip3
demand,261,,,222,zip3
demand,414,,,223,zip3
demand,184,,,224,zip3
demand,232,,,225,zip3
demand,254,,,226,zip3
demand,102,,,227,zip3
demand,200,,,228,zip3
demand,273,,,229,zip3
demand,197,,,230,zip3
demand,481,,,231,zip3
demand,527,,,232,zip3
demand,336,,,233,zip3
demand,770,,,234,zip3
demand,223,,,235,zip3
demand,369,,,236,zip3
demand,124,,,237,zip3
demand,408,,,238,zip3
demand,81,,,239,zip3
demand,283,,,240,zip3
demand,179,,,241,zip3
demand,224,,,242,zip3
demand,174,,,243,zip3
demand,115,,,244,zip3
demand,457,,,245,zip3
demand,81,,,246,zip3
demand,64,,,247,zip3
demand,32,,,248,zip3
demand,51,,,249,zip3
demand,48,,,250,zip3
demand,49,,,251,zip3
demand,71,,,252,zip3
demand,121,,,253,zip3
demand,203,,,254,zip3
demand,174,,,255,zip3
demand,44,,,256,zip3
demand,88,,,257,zip3
demand,98,,,258,zip3
demand,36,,,259,zip3
demand,106,,,260,zip3
demand,111,,,261,zip3
demand,68,,,262,zip3
demand,90,,,263,zip3
demand,46,,,264,zip3
demand,178,,,265,zip3
demand,23,,,266,zip3
demand,66,,,267,zip3
demand,29,,,268,zip3
demand,285,,,270,zip3
demand,286,,,271,zip3
demand,772,,,272,zip3
demand,385,,,273,zip3
demand,419,,,274,zip3
demand,1298,,,275,zip3
demand,571,,,276,zip3
demand,311,,,277,zip3
demand,369,,,278,zip3
demand,189,,,279,zip3
demand,626,,,280,zip3
demand,461,,,281,zip3
demand,1127,,,282,zip3
demand,672,,,283,zip3
demand,518,,,284,zip3
demand,576,,,285,zip3
demand,657,,,286,zip3
demand,511,,,287,zip3
demand,138,,,288,zip3
demand,41,,,289,zip3
demand,542,,,290,zip3
demand,272,,,291,zip3
demand,357,,,292,zip3
demand,366,,,293,zip3
demand,750,,,294,zip3
demand,817,,,295,zip3
demand,1073,,,296,zip3
demand,442,,,297,zip3
demand,259,,,298,zip3
demand,295,,,299,zip3
demand,2429,,,300,zip3
demand,1418,,,301,zip3
demand,1137,,,302,zip3
demand,1051,,,303,zip3
demand,257,,,304,zip3
demand,696,,,305,zip3
demand,439,,,306,zip3
demand,367,,,307,zip3
demand,280,,,308,zip3
demand,231,,,309,zip3
demand,666,,,310,zip3
demand,212,,,312,zip3
demand,204,,,313,zip3
demand,270,,,314,zip3
demand,436,,,315,zip3
demand,240,,,316,zip3
demand,286,,,317,zip3
demand,69,,,318,zip3
demand,193,,,319,zip3
demand,526,,,320,zip3
demand,552,,,321,zip3
demand,786,,,322,zip3
demand,487,,,323,zip3
demand,421,,,324,zip3
demand,907,,,325,zip3
demand,310,,,326,zip3
demand,1204,,,327,zip3
demand,1169,,,328,zip3
demand,546,,,329,zip3
demand,2201,,,330,zip3
demand,2601,,,331,zip3
demand,704,,,333,zip3
demand,2043,,,334,zip3
demand,835,,,335,zip3
demand,808,,,336,zip3
demand,990,,,337,zip3
demand,986,,,338,zip3
demand,711,,,339,zip3
demand,418,,,341,zip3
demand,895,,,342,zip3
demand,442,,,344,zip3
demand,600,,,346,zip3
demand,767,,,347,zip3
demand,570,,,349,zip3
demand,334,,,350,zip3
demand,356,,,351,zip3
demand,490,,,352,zip3
demand,179,,,354,zip3
demand,137,,,355,zip3
demand,420,,,356,zip3
demand,273,,,357,zip3
demand,155,,,358,zip3
demand,373,,,359,zip3
demand,351,,,360,zip3
demand,268,,,361,zip3
demand,140,,,362,zip3
demand,211,,,363,zip3
demand,74,,,364,zip3
demand,478,,,365,zip3
demand,242,,,366,zip3
demand,79,,,367,zip3
demand,273,,,368,zip3
demand,22,,,369,zip3
demand,1289,,,370,zip3
demand,650,,,371,zip3
demand,384,,,372,zip3
demand,764,,,373,zip3
demand,219,,,374,zip3
demand,471,,,376,zip3
demand,269,,,377,zip3
demand,402,,,378,zip3
demand,484,,,379,zip3
demand,413,,,380,zip3
demand,537,,,381,zip3
demand,142,,,382,zip3
demand,313,,,383,zip3
demand,226,,,384,zip3
demand,185,,,385,zip3
demand,515,,,386,zip3
demand,77,,,387,zip3
demand,315,,,388,zip3
demand,101,,,389,zip3
demand,256,,,390,zip3
demand,293,,,391,zip3
demand,276,,,392,zip3
demand,169,,,393,zip3
demand,295,,,394,zip3
demand,417,,,395,zip3
demand,108,,,396,zip3
demand,129,,,397,zip3
demand,86,,,398,zip3
demand,200,,,400,zip3
demand,125,,,401,zip3
demand,686,,,402,zip3
demand,315,,,403,zip3
demand,223,,,404,zip3
demand,283,,,405,zip3
demand,52,,,406,zip3
demand,90,,,407,zip3
demand,29,,,408,zip3
demand,44,,,409,zip3
demand,444,,,410,zip3
demand,94,,,411,zip3
demand,55,,,412,zip3
demand,34,,,413,zip3
demand,19,,,414,zip3
demand,61,,,415,zip3
demand,46,,,416,zip3
demand,30,,,417,zip3
demand,32,,,418,zip3
demand,213,,,420,zip3
demand,242,,,421,zip3
demand,187,,,422,zip3
demand,165,,,423,zip3
demand,131,,,424,zip3
demand,90,,,425,zip3
demand,81,,,426,zip3
demand,170,,,427,zip3
demand,1079,,,430,zip3
demand,500,,,431,zip3
demand,917,,,432,zip3
demand,171,,,433,zip3
demand,147,,,434,zip3
demand,224,,,435,zip3
demand,256,,,436,zip3
demand,140,,,437,zip3
demand,75,,,438,zip3
demand,143,,,439,zip3
demand,691,,,440,zip3
demand,901,,,441,zip3
demand,693,,,442,zip3
demand,323,,,443,zip3
demand,369,,,444,zip3
demand,135,,,445,zip3
demand,386,,,446,zip3
demand,168,,,447,zip3
demand,323,,,448,zip3
demand,74,,,449,zip3
demand,615,,,450,zip3
demand,301,,,451,zip3
demand,1046,,,452,zip3
demand,642,,,453,zip3
demand,500,,,454,zip3
demand,85,,,455,zip3
demand,428,,,456,zip3
demand,132,,,457,zip3
demand,334,,,458,zip3
demand,423,,,460,zip3
demand,541,,,461,zip3
demand,971,,,462,zip3
demand,689,,,463,zip3
demand,102,,,464,zip3
demand,495,,,465,zip3
demand,104,,,466,zip3
demand,290,,,467,zip3
demand,249,,,468,zip3
demand,286,,,469,zip3
demand,85,,,470,zip3
demand,219,,,471,zip3
demand,192,,,472,zip3
demand,261,,,473,zip3
demand,275,,,474,zip3
demand,167,,,475,zip3
demand,148,,,476,zip3
demand,201,,,477,zip3
demand,206,,,478,zip3
demand,386,,,479,zip3
demand,1094,,,480,zip3
demand,1467,,,481,zip3
demand,1105,,,482,zip3
demand,813,,,483,zip3
demand,524,,,484,zip3
demand,181,,,485,zip3
demand,284,,,486,zip3
demand,244,,,487,zip3
demand,793,,,488,zip3
demand,174,,,489,zip3
demand,859,,,490,zip3
demand,128,,,491,zip3
demand,273,,,492,zip3
demand,359,,,493,zip3
demand,602,,,494,zip3
demand,521,,,495,zip3
demand,329,,,496,zip3
demand,268,,,497,zip3
demand,186,,,498,zip3
demand,97,,,499,zip3
demand,296,,,500,zip3
demand,214,,,501,zip3
demand,205,,,502,zip3
demand,220,,,503,zip3
demand,80,,,504,zip3
demand,111,,,505,zip3
demand,129,,,506,zip3
demand,92,,,507,zip3
demand,33,,,508,zip3
demand,95,,,510,zip3
demand,96,,,511,zip3
demand,52,,,512,zip3
demand,47,,,513,zip3
demand,33,,,514,zip3
demand,173,,,515,zip3
demand,26,,,516,zip3
demand,146,,,520,zip3
demand,59,,,521,zip3
demand,197,,,522,zip3
demand,128,,,523,zip3
demand,166,,,524,zip3
demand,94,,,525,zip3
demand,76,,,526,zip3
demand,150,,,527,zip3
demand,119,,,528,zip3
demand,545,,,530,zip3
demand,798,,,531,zip3
demand,1035,,,532,zip3
demand,128,,,534,zip3
demand,543,,,535,zip3
demand,305,,,537,zip3
demand,67,,,538,zip3
demand,237,,,539,zip3
demand,169,,,540,zip3
demand,290,,,541,zip3
demand,98,,,542,zip3
demand,148,,,543,zip3
demand,334,,,544,zip3
demand,106,,,545,zip3
demand,226,,,546,zip3
demand,285,,,547,zip3
demand,131,,,548,zip3
demand,369,,,549,zip3
demand,618,,,550,zip3
demand,910,,,551,zip3
demand,1176,,,553,zip3
demand,1262,,,554,zip3
demand,14,,,556,zip3
demand,169,,,557,zip3
demand,116,,,558,zip3
demand,339,,,559,zip3
demand,207,,,560,zip3
demand,112,,,561,zip3
demand,118,,,562,zip3
demand,416,,,563,zip3
demand,191,,,564,zip3
demand,129,,,565,zip3
demand,89,,,566,zip3
demand,82,,,567,zip3
demand,242,,,570,zip3
demand,194,,,571,zip3
demand,63,,,572,zip3
demand,69,,,573,zip3
demand,77,,,574,zip3
demand,43,,,575,zip3
demand,21,,,576,zip3
demand,162,,,577,zip3
demand,96,,,580,zip3
demand,163,,,581,zip3
demand,79,,,582,zip3
demand,56,,,583,zip3
demand,47,,,584,zip3
demand,195,,,585,zip3
demand,57,,,586,zip3
demand,82,,,587,zip3
demand,66,,,588,zip3
demand,87,,,590,zip3
demand,103,,,591,zip3
demand,27,,,592,zip3
demand,34,,,593,zip3
demand,129,,,594,zip3
demand,28,,,595,zip3
demand,67,,,596,zip3
demand,175,,,597,zip3
demand,186,,,598,zip3
demand,155,,,599,zip3
demand,1176,,,600,zip3
demand,1670,,,601,zip3
demand,100,,,602,zip3
demand,51,,,603,zip3
demand,1820,,,604,zip3
demand,1167,,,605,zip3
demand,3387,,,606,zip3
demand,98,,,607,zip3
demand,141,,,608,zip3
demand,149,,,609,zip3
demand,394,,,610,zip3
demand,239,,,611,zip3
demand,193,,,612,zip3
demand,139,,,613,zip3
demand,116,,,614,zip3
demand,149,,,615,zip3
demand,125,,,616,zip3
demand,280,,,617,zip3
demand,253,,,618,zip3
demand,127,,,619,zip3
demand,251,,,620,zip3
demand,388,,,622,zip3
demand,107,,,623,zip3
demand,118,,,624,zip3
demand,163,,,625,zip3
demand,200,,,626,zip3
demand,170,,,627,zip3
demand,239,,,628,zip3
demand,229,,,629,zip3
demand,920,,,630,zip3
demand,1148,,,631,zip3
demand,550,,,633,zip3
demand,76,,,634,zip3
demand,44,,,635,zip3
demand,152,,,636,zip3
demand,127,,,637,zip3
demand,128,,,638,zip3
demand,83,,,639,zip3
demand,568,,,640,zip3
demand,440,,,641,zip3
demand,125,,,644,zip3
demand,65,,,645,zip3
demand,68,,,646,zip3
demand,102,,,647,zip3
demand,178,,,648,zip3
demand,178,,,650,zip3
demand,90,,,651,zip3
demand,240,,,652,zip3
demand,114,,,653,zip3
demand,80,,,654,zip3
demand,126,,,655,zip3
demand,199,,,656,zip3
demand,242,,,657,zip3
demand,188,,,658,zip3
demand,429,,,660,zip3
demand,201,,,661,zip3
demand,411,,,662,zip3
demand,72,,,664,zip3
demand,165,,,665,zip3
demand,213,,,666,zip3
demand,109,,,667,zip3
demand,45,,,668,zip3
demand,20,,,669,zip3
demand,140,,,670,zip3
demand,104,,,671,zip3
demand,322,,,672,zip3
demand,48,,,673,zip3
demand,114,,,674,zip3
demand,121,,,675,zip3
demand,71,,,676,zip3
demand,35,,,677,zip3
demand,111,,,678,zip3
demand,28,,,679,zip3
demand,241,,,680,zip3
demand,599,,,681,zip3
demand,74,,,683,zip3
demand,55,,,684,zip3
demand,259,,,685,zip3
demand,96,,,686,zip3
demand,99,,,687,zip3
demand,172,,,688,zip3
demand,76,,,689,zip3
demand,29,,,690,zip3
demand,63,,,691,zip3
demand,7,,,692,zip3
demand,57,,,693,zip3
demand,543,,,700,zip3
demand,409,,,701,zip3
demand,345,,,703,zip3
demand,565,,,704,zip3
demand,773,,,705,zip3
demand,203,,,706,zip3
demand,312,,,707,zip3
demand,439,,,708,zip3
demand,215,,,710,zip3
demand,288,,,711,zip3
demand,351,,,712,zip3
demand,136,,,713,zip3
demand,172,,,714,zip3
demand,187,,,716,zip3
demand,117,,,717,zip3
demand,145,,,718,zip3
demand,220,,,719,zip3
demand,344,,,720,zip3
demand,246,,,721,zip3
demand,175,,,722,zip3
demand,155,,,723,zip3
demand,262,,,724,zip3
demand,135,,,725,zip3
demand,156,,,726,zip3
demand,593,,,727,zip3
demand,141,,,728,zip3
demand,221,,,729,zip3
demand,811,,,730,zip3
demand,503,,,731,zip3
demand,107,,,734,zip3
demand,171,,,735,zip3
demand,72,,,736,zip3
demand,117,,,737,zip3
demand,28,,,738,zip3
demand,22,,,739,zip3
demand,556,,,740,zip3
demand,472,,,741,zip3
demand,139,,,743,zip3
demand,165,,,744,zip3
demand,61,,,745,zip3
demand,54,,,746,zip3
demand,93,,,747,zip3
demand,185,,,748,zip3
demand,89,,,749,zip3
demand,2757,,,750,zip3
demand,632,,,751,zip3
demand,1213,,,752,zip3
demand,378,,,754,zip3
demand,158,,,755,zip3
demand,368,,,756,zip3
demand,461,,,757,zip3
demand,121,,,758,zip3
demand,209,,,759,zip3
demand,1135,,,760,zip3
demand,1365,,,761,zip3
demand,639,,,762,zip3
demand,150,,,763,zip3
demand,105,,,764,zip3
demand,553,,,765,zip3
demand,186,,,766,zip3
demand,181,,,767,zip3
demand,72,,,768,zip3
demand,151,,,769,zip3
demand,4009,,,770,zip3
demand,4,,,772,zip3
demand,1016,,,773,zip3
demand,1278,,,774,zip3
demand,1264,,,775,zip3
demand,312,,,776,zip3
demand,116,,,777,zip3
demand,404,,,778,zip3
demand,193,,,779,zip3
demand,606,,,780,zip3
demand,413,,,781,zip3
demand,2365,,,782,zip3
demand,204,,,783,zip3
demand,381,,,784,zip3
demand,1156,,,785,zip3
demand,1012,,,786,zip3
demand,1329,,,787,zip3
demand,150,,,788,zip3
demand,90,,,789,zip3
demand,213,,,790,zip3
demand,192,,,791,zip3
demand,24,,,792,zip3
demand,137,,,793,zip3
demand,311,,,794,zip3
demand,122,,,795,zip3
demand,108,,,796,zip3
demand,424,,,797,zip3
demand,61,,,798,zip3
demand,1046,,,799,zip3
demand,720,,,800,zip3
demand,548,,,801,zip3
demand,843,,,802,zip3
demand,123,,,803,zip3
demand,281,,,804,zip3
demand,753,,,805,zip3
demand,354,,,806,zip3
demand,89,,,807,zip3
demand,166,,,808,zip3
demand,547,,,809,zip3
demand,192,,,810,zip3
demand,93,,,811,zip3
demand,104,,,812,zip3
demand,50,,,813,zip3
demand,96,,,814,zip3
demand,141,,,815,zip3
demand,148,,,816,zip3
demand,124,,,820,zip3
demand,17,,,822,zip3
demand,13,,,823,zip3
demand,48,,,824,zip3
demand,48,,,825,zip3
demand,74,,,826,zip3
demand,78,,,827,zip3
demand,32,,,828,zip3
demand,63,,,829,zip3
demand,27,,,830,zip3
demand,27,,,831,zip3
demand,175,,,832,zip3
demand,151,,,833,zip3
demand,238,,,834,zip3
demand,66,,,835,zip3
demand,691,,,836,zip3
demand,239,,,837,zip3
demand,268,,,838,zip3
demand,1924,,,840,zip3
demand,459,,,841,zip3
demand,197,,,843,zip3
demand,254,,,844,zip3
demand,62,,,845,zip3
demand,234,,,846,zip3
demand,200,,,847,zip3
demand,1072,,,850,zip3
demand,583,,,851,zip3
demand,1399,,,852,zip3
demand,1721,,,853,zip3
demand,121,,,855,zip3
demand,290,,,856,zip3
demand,790,,,857,zip3
demand,102,,,859,zip3
demand,198,,,860,zip3
demand,200,,,863,zip3
demand,236,,,864,zip3
demand,50,,,865,zip3
demand,171,,,870,zip3
demand,535,,,871,zip3
demand,85,,,873,zip3
demand,147,,,874,zip3
demand,262,,,875,zip3
demand,48,,,877,zip3
demand,12,,,878,zip3
demand,14,,,879,zip3
demand,280,,,880,zip3
demand,89,,,881,zip3
demand,257,,,882,zip3
demand,72,,,883,zip3
demand,14,,,884,zip3
demand,679,,,890,zip3
demand,1607,,,891,zip3
demand,13,,,893,zip3
demand,262,,,894,zip3
demand,377,,,895,zip3
demand,80,,,897,zip3
demand,71,,,898,zip3
demand,2847,,,900,zip3
demand,1325,,,902,zip3
demand,118,,,903,zip3
demand,85,,,904,zip3
demand,163,,,905,zip3
demand,859,,,906,zip3
demand,472,,,907,zip3
demand,390,,,908,zip3
demand,333,,,910,zip3
demand,142,,,911,zip3
demand,154,,,912,zip3
demand,1022,,,913,zip3
demand,326,,,914,zip3
demand,100,,,915,zip3
demand,282,,,916,zip3
demand,2438,,,917,zip3
demand,107,,,918,zip3
demand,504,,,919,zip3
demand,998,,,920,zip3
demand,1043,,,921,zip3
demand,811,,,922,zip3
demand,1361,,,923,zip3
demand,250,,,924,zip3
demand,1282,,,925,zip3
demand,1350,,,926,zip3
demand,512,,,927,zip3
demand,1422,,,928,zip3
demand,813,,,930,zip3
demand,232,,,931,zip3
demand,884,,,932,zip3
demand,454,,,933,zip3
demand,629,,,934,zip3
demand,497,,,935,zip3
demand,661,,,936,zip3
demand,567,,,937,zip3
demand,466,,,939,zip3
demand,717,,,940,zip3
demand,741,,,941,zip3
demand,101,,,943,zip3
demand,114,,,944,zip3
demand,3086,,,945,zip3
demand,484,,,946,zip3
demand,136,,,947,zip3
demand,173,,,948,zip3
demand,512,,,949,zip3
demand,897,,,950,zip3
demand,868,,,951,zip3
demand,640,,,952,zip3
demand,1233,,,953,zip3
demand,666,,,954,zip3
demand,127,,,955,zip3
demand,1241,,,956,zip3
demand,456,,,957,zip3
demand,1083,,,958,zip3
demand,657,,,959,zip3
demand,223,,,960,zip3
demand,100,,,961,zip3
demand,660,,,970,zip3
demand,289,,,971,zip3
demand,1208,,,972,zip3
demand,696,,,973,zip3
demand,748,,,974,zip3
demand,286,,,975,zip3
demand,91,,,976,zip3
demand,251,,,977,zip3
demand,130,,,978,zip3
demand,38,,,979,zip3
demand,2016,,,980,zip3
demand,777,,,981,zip3
demand,1041,,,982,zip3
demand,877,,,983,zip3
demand,374,,,984,zip3
demand,492,,,985,zip3
demand,522,,,986,zip3
demand,199,,,988,zip3
demand,257,,,989,zip3
demand,179,,,990,zip3
demand,132,,,991,zip3
demand,317,,,992,zip3
demand,286,,,993,zip3
demand,20,,,994,zip3
source,50,33.7542,-118.2165,,
source,25,40.6840,-74.1502,,
source,15,32.0835,-81.0998,,
source,10,41.8781,-87.6298,,
fixed,,,,75201,zip5
fixed,,,,89502,zip5
